name,1,2,3,4,5,6,7,8,9,10,11,12,13,14,15,16
AJ Dillon,7.699999999999999,4.8,8.6,8.100000000000001,9.6,9.2,8.8,7.2,2.7,1.0,1.9,0.0,1.7,1.2,1.0,0.8
Aaron Jones,17.6,10.8,9.7,10.0,14.2,2.3,4.0,10.8,14.4,9.6,7.199999999999999,2.5,7.6,8.0,10.3,13.8
Aaron Ripkowski,0.0,0.7,0.0,1.5,0.2,0.5,0.0,1.4,2.0,1.1,0.4,0.0,0.0,0.0,0.9,0.0
Aaron Stecker,0.0,0.5,7.6,2.0,6.1,2.1,1.7,2.2,4.300000000000001,0.0,0.0,0.0,0.0,0.0,0.9,0.0
Adam Prentice,0.0,0.0,0.4,0.8,0.3,0.0,0.0,0.2,1.8,1.9,1.9,4.300000000000001,-0.1,0.0,0.3,0.0
Adrian Peterson,12.3,3.5,1.7,5.800000000000001,3.5,1.8,17.5,17.7,3.5,2.3,1.0,12.3,9.1,2.5,5.4,7.6
Ahmad Bradshaw,11.0,24.1,15.3,12.2,10.5,13.4,22.3,18.2,9.4,3.1,2.1,1.8,3.1,7.6,19.2,4.1
Ahman Green,5.1,4.7,4.8,13.0,5.1,3.3,14.9,5.2,1.7999999999999998,6.0,1.0,2.3,1.1,0.0,8.9,4.2
Ahmard Hall,4.1,0.0,0.8,3.9,0.0,0.0,2.3,1.4,0.0,0.0,1.7,3.6,0.0,0.8,0.1,1.6
Alan Ricard,2.2,0.0,0.3,0.5,0.5,3.0,0.0,1.5,0.5,0.9,0.4,0.8,2.3,0.0,1.6,1.2
Alec Ingold,2.3,0.0,0.0,0.0,3.0,0.0,0.5,0.0,0.6,0.0,0.0,0.0,0.9,1.4,0.0,0.8
Alex Armah,0.2,6.6,1.2,0.0,0.0,0.0,0.0,0.0,0.0,0.5,0.0,0.8,0.0,0.0,0.0,1.5
Alex Collins,13.3,10.4,7.8,11.2,8.9,2.5,0.8,14.8,8.2,16.3,4.9,4.4,5.4,3.6,1.2,2.2
Alexander Mattison,4.0,3.4,14.2,6.1,11.9,6.0,7.1,15.0,13.8,6.9,3.6,8.4,1.4,13.6,4.3,5.1
Alfonso Smith,5.0,0.0,0.0,0.0,1.1,0.0,0.0,0.0,0.0,0.0,0.0,0.0,0.0,0.6,3.3,0.6000000000000001
Alfred Blue,9.6,3.6,2.2,3.1,15.9,5.3,2.8,4.2,3.9,4.6,6.7,5.4,8.1,2.5,6.0,3.4000000000000004
Alfred Morris,10.6,0.0,2.5,2.8,1.3,1.9,1.2,18.0,0.4,3.4,0.8,17.0,0.7,3.9,1.8,1.2
Alvin Kamara,13.4,10.9,13.9,10.4,15.0,12.7,13.0,6.1,9.2,7.5,10.1,4.4,5.5,0.1999999999999999,13.0,2.5
Ameer Abdullah,0.3,16.1,17.0,16.2,6.6,2.1,3.2,1.3,1.0,0.0,0.0,1.9,7.2,-1.1,0.9,3.5
Amos Zereoue,26.4,12.9,7.1000000000000005,8.4,6.6,7.6,1.6,1.4,4.3,6.7,2.5,7.199999999999999,3.8,0.0,2.4,0.0
Andre Ellington,0.0,1.4,0.0,3.6,4.5,3.8,10.6,14.9,10.8,0.0,2.4,10.5,7.699999999999999,2.7,0.0,0.0
Andre Williams,0.2,0.1,2.2,0.3,2.1,0.5,2.6,8.7,0.0,0.0,0.0,0.0,0.2,0.0,0.0,2.3
Andrew Pinnock,0.0,0.0,0.0,0.2,0.4,1.9,0.0,0.0,0.0,0.0,0.0,0.0,1.0,0.1,0.0,0.0
Andy Janovich,0.0,0.0,0.0,0.0,6.0,0.0,0.0,0.0,0.0,0.0,0.0,0.8,0.0,1.6,0.0,0.0
Anthony Dixon,6.1,0.0,-0.1,3.0,5.4,0.0,0.0,0.0,0.0,0.0,0.8,0.6,0.0,1.4,0.0,0.6
Anthony Sherman,0.0,0.0,0.0,0.2,0.0,7.0,0.0,0.0,0.0,0.0,0.0,0.0,0.0,0.0,0.0,0.6
Anthony Thomas,2.8,6.4,8.0,4.1,0.7,0.3,1.2000000000000002,0.0,0.0,0.4,2.6,0.9,1.6,0.0,6.1,19.1
Antone Smith,11.0,12.2,16.0,14.9,1.9,0.5,0.3,0.8,0.0,1.1,0.0,0.0,0.0,5.699999999999999,3.0,6.7
Antonio Gibson,5.8,1.8,0.6,1.6,2.6,2.5,5.0,12.2,7.4,4.6,8.1,0.3,3.3000000000000003,0.7999999999999998,8.7,3.1
Antowain Smith,0.2,1.5,2.2,0.6,4.5,20.8,8.0,3.3,12.7,3.2,4.5,5.5,14.7,2.5,4.8,5.5
Arian Foster ,19.5,37.3,18.9,19.0,21.8,13.2,16.6,9.8,5.0,16.3,19.7,27.0,11.5,0.9,2.5,1.4
Arlen Harris,0.0,0.0,0.0,2.8,0.0,10.7,0.0,0.0,0.0,11.1,4.7,2.4,0.0,7.6,9.5,8.7
Artose Pinner,1.3,0.0,0.5,2.9,0.0,33.0,0.4,0.5,0.7,0.0,0.0,0.0,0.0,4.9,0.0,-0.3
Austin Ekeler,3.5,8.399999999999999,8.2,10.0,12.7,10.7,8.8,3.0,6.8,15.8,17.599999999999998,13.6,3.4000000000000004,4.2,7.199999999999999,3.4000000000000004
Aveion Cason,0.8,1.0,0.0,8.1,1.6,0.9,4.4,2.2,3.2,0.0,2.8,0.1,0.4,0.0,0.2,1.9
B.J. Askew,0.9,3.5,1.6,2.8,8.0,0.3,0.0,2.3,0.0,7.1,0.9,0.9,0.0,0.4,0.0,0.0
B.J. Sams,0.0,0.0,0.0,0.0,0.0,0.0,0.0,0.0,0.0,0.0,0.0,0.0,0.0,0.0,0.0,0.0
Beanie Wells,6.2,3.3,28.8,13.8,3.5,12.6,6.6,0.0,1.4,7.300000000000001,1.8,16.8,2.2,1.8,24.7,0.3
Ben Tate,13.7,5.2,28.2,6.6,10.7,4.1,12.7,19.8,3.9,9.9,5.199999999999999,13.1,-0.9,1.5,1.5,0.8
BenJarvus Green-Ellis,9.4,8.5,8.9,1.3,12.7,8.6,2.4,3.3,7.2,3.6,6.2,16.0,16.8,0.4,9.9,6.6
Benny Cunningham,1.1,0.0,0.0,1.4,0.0,0.8,0.0,0.0,0.0,0.0,0.0,0.0,0.0,-0.1,0.0,1.3
Bernard Pierce,8.1,0.2,3.1,3.9,1.6,5.0,3.7,-0.2,0.8,0.9,0.4,1.4,0.0,0.6,0.0,0.0
Bernard Scott,8.9,3.9,9.1,2.4,3.8,4.0,1.3,3.0,2.9,8.0,2.8,10.7,-0.5,4.0,1.8,1.6
Bijan Robinson,18.3,13.6,26.1,32.8,18.2,4.3,13.6,9.8,28.3,11.7,27.8,8.4,25.5,26.3,37.4,5.8
Bilal Powell,7.9,5.9,3.0,0.0,0.4,0.5,0.3,1.1,1.6,1.5,5.2,2.5,2.8,9.8,1.3,2.7
Bob Christian,0.0,6.0,1.4,4.3,0.0,0.8,3.5,8.7,1.6,9.0,1.0,4.300000000000001,6.3,1.4,0.0,5.5
Bobby Rainey,10.4,3.9,0.3999999999999999,0.0,0.0,0.0,0.0,0.0,1.4,0.0,1.8,0.8,2.1,1.8,0.0,0.6
Boston Scott,11.4,1.5,4.0,0.0,0.0,2.1,0.0,0.9,0.8,1.4,3.4000000000000004,0.9,0.0,-1.7,0.0,0.5
Brad Hoover,0.0,0.0,0.0,0.0,0.0,0.0,0.0,0.0,0.0,0.2,0.9,0.0,0.2,6.7,11.4,2.1
Brandon Bennett,7.7,0.0,4.800000000000001,1.6,10.1,2.1,5.0,5.4,0.0,0.0,6.5,1.1,0.1,0.0,0.0,0.0
Brandon Bolden,0.0,0.0,0.0,0.0,0.0,0.0,0.0,0.0,0.0,0.0,0.0,0.0,8.5,0.0,0.6,0.0
Brandon Jackson,5.9,3.9,16.5,9.7,17.9,8.2,20.8,8.6,5.1,9.6,4.3,10.7,5.4,4.5,3.0,5.4
Brandon Jacobs,4.7,10.6,11.9,22.1,3.3,6.0,1.6,0.1,0.6,6.4,0.2,1.5,3.7,23.9,6.9,7.5
Breece Hall,15.5,4.8,7.199999999999999,13.6,15.5,5.9,6.199999999999999,31.86,19.0,7.399999999999999,11.9,14.6,4.3,4.699999999999999,7.300000000000001,19.9
Brian Hill,14.5,3.3,6.4,2.4,4.5,7.4,2.4,1.8,5.5,1.8,2.0,1.7000000000000002,7.6,15.1,0.0,0.0
Brian Leonard,0.0,2.2,2.1,0.8,2.0,6.9,8.8,8.3,5.7,1.1,2.0,2.6,1.2,0.9,5.1,2.0
Brian Mitchell ,8.799999999999999,1.6,1.5,0.0,0.0,0.0,0.0,0.0,0.0,0.0,0.0,0.0,0.0,0.0,0.0,1.9
Brian Robinson Jr.,2.4,2.2,2.1,1.2,2.3,3.6,0.0,11.3,11.0,2.4,4.9,2.6,2.1,2.0,3.3000000000000003,0.9
Brian Westbrook ,4.7,5.7,0.0,1.6,0.6,2.4,-0.1,1.8,0.9,0.0,19.6,3.1,20.0,10.0,5.3,21.8
Bruce Miller,0.4,0.0,0.0,1.3,0.3,7.8,0.0,1.2,0.7,0.0,0.0,0.0,0.0,0.0,0.0,0.0
Bryan Johnson ,9.1,0.6,0.0,2.0,0.6,0.0,0.0,0.3,0.0,0.0,1.7,1.6,0.0,0.0,1.2,0.0
Bryce Brown,4.0,0.4,1.9,0.0,17.5,7.1,1.5,13.0,10.6,2.0,1.1,3.5,6.5,4.3,0.9,8.0
Buddy Howell,0.0,0.0,0.0,5.0,2.2,0.0,0.0,0.0,0.0,1.1,0.0,0.0,0.0,0.0,0.0,0.0
C.J. Anderson,15.8,22.8,6.1,3.5,3.1,9.8,0.9,0.0,0.0,2.0,0.1,-0.1,22.7,22.9,3.5,0.8
C.J. Ham,0.0,0.0,0.0,1.4,2.5,0.0,1.0,0.0,0.0,0.0,0.0,0.0,6.1,0.3,0.0,7.199999999999999
C.J. Spiller,4.7,7.8,10.6,1.5,4.4,1.6,0.5,2.4,2.8,8.7,5.0,0.0,0.4,0.0,1.7,0.0
Cadillac Williams,6.0,7.4,5.800000000000001,0.7,16.5,5.5,8.4,4.9,1.9,0.0,1.7,0.0,4.9,2.7,4.2,7.7
Cam Akers,11.7,-0.1,0.0,0.0,6.3,5.2,10.6,3.0,2.2,3.7,8.4,0.3,10.3,7.9,1.9,0.0
Carlos Hyde,2.6,6.6,13.3,3.1,6.800000000000001,0.7,4.4,1.3,0.0,10.2,5.8,0.9,0.0,1.6,6.800000000000001,1.2999999999999998
Cecil Martin ,0.6,0.0,4.4,0.0,0.5,1.1,0.9,2.4,1.2,0.0,0.0,0.0,7.4,0.0,1.6,0.0
Cecil Sapp,0.3,0.0,0.0,0.6,0.0,0.0,0.0,0.0,0.0,0.0,0.0,0.0,-0.3,0.0,0.0,0.0
Cedric Benson,5.3,12.7,7.8,6.7,16.1,21.0,5.2,9.6,15.2,7.0,7.1,1.8,13.6,14.4,12.6,5.1
Cedric Peerman,0.0,0.0,0.0,0.0,0.0,0.0,0.0,0.0,0.0,0.0,0.0,0.0,0.0,0.0,0.0,1.5
Chad Morton,0.0,2.2,0.0,0.0,0.0,0.0,0.0,0.0,0.0,0.0,0.0,0.0,0.0,0.0,0.0,0.0
Charcandrick West ,9.0,0.0,2.3,6.0,14.3,1.4,0.9,5.8,4.4,2.2,8.5,0.6,4.3,0.0,10.8,-0.2
Charles Sims,1.9,1.8,2.6,5.9,6.5,2.5,0.0,2.1,10.5,4.3,4.4,6.1,3.7,2.6,2.4,0.6
Charlie Garner,12.7,1.2,14.3,10.0,12.4,14.3,13.7,0.9,6.4,5.4,5.7,8.899999999999999,12.6,3.4,12.9,5.5
Charlie Rogers,0.0,0.0,0.0,0.0,0.0,0.0,0.0,0.0,0.0,0.0,0.0,0.0,0.0,0.0,0.0,0.0
Chase Brown,7.5,4.0,8.6,8.3,5.9,11.0,24.0,15.2,15.7,14.0,14.8,17.0,12.5,30.9,27.6,17.0
Chase Edmonds,4.5,0.8,1.2,3.1,-0.1,1.2,2.4000000000000004,1.1,1.4,6.8,1.3,2.5,8.1,2.9000000000000004,0.0,0.0
Chase Reynolds,0.0,0.0,0.0,0.0,0.0,0.0,0.0,0.0,0.0,0.0,0.0,0.0,0.0,0.0,0.0,0.9
Chester Taylor,7.399999999999999,0.5,0.4,1.1,0.0,3.7,1.1,2.1,2.2,3.4,0.7000000000000001,0.0,2.3,3.5,2.9,7.899999999999999
Chris Brown,7.5,8.2,2.1,2.5,1.9,7.6,4.5,2.3,3.9,6.8,15.1,7.6,0.7,1.6,1.5,0.0
Chris Carson,6.5,21.6,18.3,9.1,23.5,16.9,12.9,18.5,17.3,7.899999999999999,9.4,9.3,11.2,15.1,15.2,3.6
Chris Fuamatu-Ma'afala,1.1,1.3,2.4,1.1,4.0,6.2,0.5,1.5,0.0,10.1,0.4,1.2,0.2,2.0,2.5,0.4
Chris Hetherington,0.3,0.7,0.0,0.0,0.9,0.0,0.0,0.0,0.0,0.7,0.0,0.0,1.6,0.5,0.5,0.0
Chris Ivory,2.0,4.8,4.2,0.3,10.2,14.1,1.5,4.3,1.4,12.1,5.0,7.0,1.4,0.4,4.2,9.6
Chris Johnson ,10.9,10.3,5.0,18.2,10.9,5.8,7.0,1.7,0.2,11.4,0.5,3.4,4.4,2.6,7.800000000000001,3.4000000000000004
Chris Massey,0.0,0.0,0.0,0.0,0.0,0.0,0.0,0.0,0.0,0.0,0.0,0.0,0.0,0.0,0.0,0.0
Chris Ogbonnaya,4.2,6.4,12.9,5.1,4.4,4.9,7.1,1.7000000000000002,1.4,8.4,0.0,1.7,0.9,0.0,0.0,0.0
Chris Polk,9.8,3.6,5.7,0.5,12.5,3.2,4.4,2.8,2.7,1.4,3.2,13.7,5.800000000000001,0.6,3.8,0.4
Chris Pressley,0.0,0.0,0.0,0.0,0.0,6.6,0.0,0.0,0.0,0.0,0.0,0.0,0.0,0.0,0.0,0.0
Chris Thompson,8.0,6.3,3.0,3.4,7.8,3.6,7.2,1.6,1.6,10.2,6.3,0.0,5.7,3.0,5.8,0.0
Christian McCaffrey,19.7,19.0,23.1,23.9,20.6,35.6,8.3,31.8,13.6,32.6,23.7,15.4,15.2,29.6,26.1,8.7
Chuba Hubbard,6.9,30.5,16.2,8.600000000000001,8.4,6.5,9.4,1.7,2.0,3.3,6.300000000000001,19.4,4.3,3.9,1.2999999999999998,2.7
Clinton Portis,8.799999999999999,14.6,14.0,7.7,9.8,5.3,9.8,20.4,13.9,4.3,0.4,6.9,15.3,6.300000000000001,9.1,5.1
Clyde Edwards-Helaire,1.8,0.4,2.1,0.5,0.4,2.0,0.5,1.9,7.800000000000001,18.1,6.300000000000001,1.5,4.0,4.5,0.5,2.7
Cordarrelle Patterson,6.5,4.3,0.0,2.0,1.3,0.3,6.3,7.199999999999999,1.4,0.5,-0.2,6.800000000000001,-1.4,1.2999999999999998,7.7,0.2
Corey Clement,5.1000000000000005,0.0,1.8,0.0,16.0,0.0,0.0,1.3,2.6,0.0,0.0,3.2,12.3,0.0,0.0,0.0
Corey Dillon,10.5,14.0,1.6,12.7,4.5,16.7,3.7,17.8,10.8,9.1,4.8,21.5,8.5,10.6,9.0,25.6
Corey McIntyre,0.0,0.0,1.4,0.0,0.0,0.0,0.0,0.0,0.0,0.0,0.0,0.0,0.0,0.0,0.0,0.0
Correll Buckhalter,3.1,1.5,7.9,7.5,12.6,3.0,2.0,4.3,1.9,1.4,1.2,0.0,0.5,2.5,22.7,7.7
Cory Schlesinger,0.0,7.6,0.0,0.0,1.7,0.0,2.8,1.1,0.0,2.0,0.0,0.0,0.0,0.0,0.0,0.0
Craig Reynolds,0.0,2.1,0.6,0.0,0.0,0.0,2.8,7.6,3.9,0.0,0.4,0.0,0.0,0.0,0.0,0.0
Cullen Gillaspia,0.0,0.0,0.0,0.0,0.0,0.0,0.0,0.0,0.0,0.0,0.0,0.0,0.0,0.0,0.0,0.0
Curtis Martin ,12.2,25.4,10.2,18.5,9.2,8.799999999999999,8.1,6.0,17.9,22.1,12.9,13.2,8.6,1.6,11.4,7.5
D'Andre Swift,12.5,8.0,12.4,9.3,24.5,20.3,14.1,12.3,9.0,1.4,20.3,9.7,22.1,8.0,20.9,5.3
D'Ernest Johnson,5.4,8.5,2.8,0.6,0.0,0.3,1.3,2.1,3.1,0.0,0.0,0.1,0.0,0.0,0.5,1.3
D'Onta Foreman,8.3,16.2,7.4,8.2,-0.6,0.0,5.6000000000000005,0.5,1.2,6.5,5.699999999999999,0.5,2.6,-1.9,4.9,4.0
Daimon Shelton,1.6,1.6,0.0,0.0,0.0,1.1,0.0,0.0,0.0,2.7,0.0,3.2,0.0,0.0,0.0,0.0
Dalvin Cook,-0.3,4.4,2.3000000000000003,2.3,1.9,0.5,1.3,2.6,1.3,3.1,3.1,1.3,1.5,0.0,2.7,0.8
Dameon Pierce,1.6,14.2,0.2,0.4,0.2,0.0,0.6,0.0,0.4,1.3,23.6,0.5,2.1,0.0,0.0,1.0
Damien Harris,6.8,15.7,11.6,14.9,1.7000000000000002,1.5,6.2,1.6,6.5,5.7,2.9000000000000004,9.3,1.5,2.9,1.3,0.1
Damien Williams,6.0,1.4,0.0,14.0,15.4,1.3,-0.3,2.2,0.0,1.9,0.0,10.8,0.2,4.9,0.2,1.4
Dan Kreider,0.0,0.0,0.8,0.0,0.0,0.0,0.0,0.0,0.0,0.0,0.0,1.2,0.7,0.0,0.0,1.3
Daniel Thomas,17.4,8.3,1.4,0.0,4.1,6.5,6.5,4.0,3.2,1.4,2.3,7.9,1.3,0.0,3.5,6.699999999999999
Danny Vitale,0.0,0.0,0.0,3.2,2.8,1.4,0.0,5.3,0.0,0.0,0.0,0.8,0.0,0.0,0.0,0.0
Danny Ware,1.4,1.2000000000000002,1.8,2.5,2.6,1.5,1.2,1.7,-0.1,4.0,0.0,0.8,-0.7,4.2,0.0,0.0
Danny Woodhead,7.699999999999999,4.9,2.8,33.0,14.8,10.2,20.5,3.6,5.199999999999999,4.800000000000001,6.5,3.3,5.6,6.2,6.6,3.9
Dare Ogunbowale,0.0,0.0,0.0,0.0,0.0,2.2,0.7,0.0,1.4,0.0,0.0,6.5,4.9,0.4,0.0,1.4
Darian Barnes,0.0,0.0,0.0,0.0,0.0,0.0,0.0,0.0,0.0,4.4,0.0,0.0,0.0,0.0,0.0,0.0
Darrel Williams,14.0,9.2,24.9,3.1,9.5,11.4,1.2,10.0,24.2,6.2,0.0,13.2,0.7,1.9,0.9,2.4
Darrel Young,0.5,0.0,0.2,0.0,0.0,1.3,0.1,0.0,1.1,0.0,0.0,0.0,0.7,1.1,0.0,1.2
Darrell Henderson,1.7,0.0,9.8,10.7,1.7,5.4,5.0,12.2,4.0,5.6,9.7,0.9,13.1,10.0,4.5,10.9
Darren McFadden,23.2,14.3,12.7,7.300000000000001,16.4,7.6,12.4,11.1,12.3,10.3,17.0,0.0,1.3,4.9,5.699999999999999,-0.2
Darren Sproles,5.1000000000000005,7.0,6.8,1.1,5.2,8.2,11.1,6.1,18.3,4.6,7.800000000000001,1.5,0.4,0.4,0.4,1.5
David Johnson,1.1,6.300000000000001,7.6,0.5999999999999999,7.7,0.8,5.5,4.9,6.5,3.2,5.1,1.2000000000000002,-0.8,2.9000000000000004,0.0,3.8
David Montgomery,12.6,28.9,1.2,17.720000000000002,7.1,4.9,10.0,7.6,4.2,5.199999999999999,11.8,13.8,9.2,1.4,5.0,6.0
De'Anthony Thomas,2.6,1.8,1.1,0.0,0.0,0.0,0.4,0.0,0.0,0.0,0.0,0.0,0.0,0.0,0.0,0.1
De'Von Achane,15.0,22.2,12.6,16.599999999999998,13.6,29.0,11.3,17.6,13.6,37.5,19.0,19.4,17.0,15.7,16.5,12.7
DeAndre Washington,11.1,4.6,3.2,3.3,2.9,2.3,2.4,6.4,18.6,3.2,17.6,17.2,1.2,0.2,7.0,6.2
DeAngelo Williams,35.5,7.4,21.200000000000003,19.0,22.1,14.1,30.3,3.1,32.1,21.2,6.4,7.4,0.0,1.0,0.1,22.9
DeMarco Murray,2.4,7.0,3.3,18.5,4.5,8.9,16.7,9.1,5.1,27.2,7.2,11.7,8.9,5.7,6.800000000000001,13.4
DeShaun Foster ,2.8,0.0,0.1,1.6,0.0,0.4,0.0,0.1,0.0,6.7,7.4,0.0,4.8,12.6,6.3,13.9
Dee Brown,8.6,0.0,0.8,0.2,0.0,0.0,0.0,0.0,0.0,0.0,0.0,0.0,0.0,0.3,2.1,0.0
DeeJay Dallas,0.0,0.0,0.2,1.0,0.0,0.0,0.0,1.5,6.6,1.0,3.2,0.0,0.0,0.0,2.1,0.0
Dennis McKinley,1.5,0.0,0.1,0.0,0.0,0.0,0.0,0.0,0.0,0.0,0.0,0.0,0.0,0.0,0.0,0.0
Deon Dyer,0.0,0.0,0.0,0.0,0.0,0.0,0.0,0.0,0.0,0.0,0.0,0.0,0.0,0.0,0.0,0.0
Derek Watt,0.2,0.0,0.0,0.6,0.0,0.0,7.6,0.5,0.0,1.0,1.2,0.0,0.2,0.0,0.3,6.1
Derrick Blaylock,21.3,14.9,14.3,0.0,1.4,0.6,1.3,0.8999999999999999,2.9,1.4,5.6,4.199999999999999,0.0,0.0,0.0,0.0
Derrick Coleman,0.0,0.1,1.7,1.0,0.0,0.2,0.0,0.0,0.0,0.0,0.0,0.0,0.0,0.0,0.0,0.0
Derrick Henry,2.3,10.2,6.800000000000001,9.3,13.5,19.1,12.6,9.9,19.2,21.8,16.9,10.7,10.0,22.8,45.6,12.6
Derrick Ward,0.3,3.1,1.8,13.5,9.9,0.0,0.7,0.0,2.2,9.6,0.0,0.0,0.0,0.0,0.0,5.0
Detron Smith,0.0,0.0,0.0,0.0,0.0,0.0,0.0,0.0,0.0,0.0,0.0,0.0,0.0,0.0,0.0,0.0
Deuce McAllister,5.5,6.1000000000000005,1.1,1.0,14.8,1.3,8.2,5.8,16.5,11.1,7.8,7.2,2.1,0.0,13.2,10.6
Devin Singletary,0.5,1.1,2.8,2.9,1.0,0.2,3.3,6.1,8.8,17.2,4.7,17.7,1.9,5.1000000000000005,15.0,8.6
Devonta Freeman,2.9,0.8,0.4,5.0,11.3,11.4,15.3,7.3,17.0,6.5,18.2,9.7,2.9000000000000004,9.0,8.2,3.7
Devontae Booker,1.7999999999999998,1.6,1.7000000000000002,19.3,8.899999999999999,13.6,15.0,13.7,2.5,3.2,7.399999999999999,10.4,9.2,6.6,5.6,3.6
Dion Lewis,0.1,13.6,1.5,2.8,1.1,1.5,0.2999999999999998,7.8,3.1,2.7,2.2,0.6,5.4,2.8,1.5,0.7
Domanick Williams,12.1,29.1,19.7,26.9,23.0,6.7,17.2,13.2,21.3,13.8,17.0,12.6,18.5,19.5,18.6,28.4
Dominic Rhodes,2.4,0.0999999999999999,13.3,25.4,14.9,2.7,12.2,8.9,12.7,5.1,11.8,25.6,17.9,3.5,9.8,4.8
Donald Brown,0.9,3.7,0.8999999999999999,7.4,7.6,2.1,5.2,0.0,1.3,0.0,0.2,6.2,0.0,11.4,12.5,10.1
Dontrell Hilliard,1.3,7.9,2.4,15.3,6.3,20.4,4.9,3.8,10.3,0.4,10.0,1.2999999999999998,8.3,3.4,2.6,0.0
Dorsey Levens ,3.3000000000000003,0.1,0.0,3.4,7.1,6.5,6.0,0.4,13.3,1.9,3.8,8.7,7.8,12.5,7.2,0.0
Doug Martin ,2.7,2.9,4.3,1.1,0.1,1.3,9.9,7.4,10.7,6.3,14.7,13.7,9.2,3.9,18.1,10.6
Duce Staley,9.9,7.1000000000000005,10.1,12.3,17.7,11.6,12.5,5.1,9.1,2.1,0.0,15.5,9.0,0.6,2.1,0.0
Duke Johnson,14.2,1.4,6.0,2.4000000000000004,1.6,6.699999999999999,13.3,5.4,5.0,15.5,6.199999999999999,6.9,1.8,25.2,7.5,18.7
Dwayne Washington,1.3,1.9,0.0,0.0,0.0,0.0,0.0,0.0,0.0,0.0,0.0,0.0,0.0,0.0,0.0,0.0
Earnest Graham,12.5,0.0,0.8999999999999999,0.7,0.0,4.08,1.2,3.5,0.9,11.1,6.4,7.1,6.6,3.0,14.1,1.6
Eddie George,9.1,9.0,15.2,2.5,14.9,7.9,7.5,3.7,11.6,12.3,3.1,14.4,0.5,0.8,0.6,0.2
Eddie Lacy,15.3,5.1000000000000005,8.299999999999999,5.0,11.0,8.9,7.6,0.3,5.2,3.3,4.8,0.0,3.9,0.2,7.6,0.3
Edgerrin James,14.8,2.9,1.7,0.4,0.1,-0.1,1.1,3.0,11.1,3.0,0.6,0.7,2.7,5.8,0.3,2.8000000000000003
Elijhaa Penny,0.5,0.6,0.0,0.4,8.1,2.4,2.1,3.7,0.0,0.0,0.0,7.6,0.0,4.0,0.0,0.0
Emmitt Smith,8.3,14.7,9.1,6.6,25.84,12.3,21.6,7.4,11.0,18.7,3.5,2.1,11.5,10.5,6.5,9.2
Ezekiel Elliott,10.6,11.9,4.2,1.7000000000000002,2.9,1.7,1.7,10.3,0.2000000000000001,3.9,0.6,0.4,1.1,4.6,6.1,0.2
Felix Jones,0.0,3.7,5.7,1.2000000000000002,3.8,2.4,2.9,1.4,1.6,0.0,1.7999999999999998,0.0,0.7,2.2,0.7,1.1
Fozzy Whittaker,1.5,3.3,4.9,0.9,0.1,0.0,1.2,10.9,0.0,-0.3,0.0,0.0,0.0,0.3,1.4,1.4
Frank Gore,5.699999999999999,2.4,6.3,6.7,4.1,3.0,9.0,6.0,3.0,6.9,14.1,10.1,0.2,1.6,13.0,5.8
Fred Beasley,1.3,0.0,1.7,1.3,0.0,0.0,0.0,0.0,0.0,0.0,1.1,1.1,0.0,0.0,0.0,0.0
Fred Jackson,3.4000000000000004,8.6,3.2,6.4,4.9,1.7,5.5,1.4,0.0,3.2,2.1,8.8,2.8,2.7,7.9,1.1
Fred McAfee,0.0,0.0,0.0,0.0,0.0,0.0,0.0,0.0,0.0,0.0,0.0,0.0,0.0,0.0,0.0,7.2
Fred McCrary,0.0,0.0,0.0,0.0,1.2,0.0,0.0,0.0,0.0,0.7,0.0,0.0,0.0,0.0,0.0,0.0
Fred Taylor,3.2,13.8,6.4,8.5,4.6,17.4,4.3,3.5,15.3,8.7,1.1,1.6,0.9,1.6,-0.3,3.5
Garrett Wolfe,0.0,0.0,0.0,0.0,0.0,0.0,0.0,0.0,0.0,0.0,0.0,0.0,0.0,0.8,0.0,0.0
Garrison Hearst,11.7,8.9,13.1,23.0,7.3,9.7,8.9,7.9,6.0,1.5,1.3,1.3,0.0,0.2,10.6,2.2
Gary Brightwell,0.0,5.1,0.0,-0.1,0.9,6.8,2.1,0.0,4.6,2.4,0.0,0.0,0.0,0.0,0.0,0.0
Giovani Bernard,1.4,1.5,10.2,1.3,0.8,0.0,1.5,0.0,0.0,0.0,0.0,0.0,0.0,0.0,0.0,3.7
Greg Comella,0.0,1.4,2.2,0.0,0.0,0.0,0.0,0.0,0.0,0.0,0.0,1.7,0.0,0.0,0.0,0.0
Greg Jones,0.0,0.0,0.0,0.6,0.0,0.9,0.2,0.0,2.4,0.0,0.0,0.0,0.0,0.0,0.9,1.1
Gus Edwards,1.5,13.4,13.5,10.8,2.8,3.3000000000000003,5.9,0.9,1.9,5.5,2.7,7.1,3.8,9.6,2.3,19.6
Harold Morrow,0.0,0.0,0.0,0.0,0.0,0.0,0.0,0.0,0.0,0.0,0.0,0.0,0.0,0.0,0.0,0.0
Hassan Haskins,0.0,10.9,4.5,9.3,0.0,0.0,0.0,0.0,2.0,2.8,1.5,0.0,0.0,1.4,0.0,0.3
Heath Evans,1.2,2.3,0.0,0.9,0.0,6.9,0.2,0.7,0.0,0.9,0.0,0.0,0.0,0.0,0.0,0.7
Henry Hynoski,0.0,0.0,0.0,0.1,0.0,0.0,0.0,0.2,0.0,0.4,0.4,0.0,0.0,0.2,0.0,0.0
Isaac Redman,6.6,4.1,13.9,22.1,4.9,0.5,2.7,4.3,0.0,4.9,4.6,4.2,2.5,2.1,0.0,0.0
Isaiah Crowell,8.5,4.800000000000001,2.1,22.2,4.9,18.1,0.8,29.6,6.2,5.5,4.3,6.5,10.7,7.5,12.7,1.2
Isiah Pacheco,5.2,3.0,1.8,3.8,3.4000000000000004,5.3,11.8,7.1,5.6,11.9,5.8,4.3,3.0,2.1,10.5,3.2
J.J. Arrington,4.4,3.2,2.6,9.1,1.0,5.9,1.7,1.2,13.9,0.1,19.6,6.3,1.0,6.7,10.6,3.7
J.K. Dobbins,23.5,7.0,18.4,7.4,14.8,9.0,13.8,15.0,14.8,11.0,14.9,4.0,8.5,13.1,6.4,8.899999999999999
J.R. Redmond,5.1,3.3,2.8,0.0,2.6,1.3,2.5,4.4,3.0,3.0,2.8000000000000003,7.6,6.0,-0.1,5.4,1.5
Jackie Battle,0.0,0.0,0.5,0.0,0.0,6.1,2.6,0.0,1.6,1.4,0.0,0.0,0.0,0.0,0.0,0.0
Jacob Hester,0.0,7.0,0.0,0.1,1.0,7.3,1.7000000000000002,0.2,0.8,0.7,0.6,1.1,0.5,8.0,6.6,6.7
Jacquizz Rodgers ,0.8,5.1,2.7,0.0,0.0,2.4000000000000004,4.9,2.0,14.2,1.5,8.2,0.0,7.4,0.6,15.2,1.0
Jahmyr Gibbs,17.9,24.4,16.700000000000003,15.7,7.0,35.3,4.3,36.7,17.1,49.9,10.1,33.5,7.8,17.8,5.4,18.8
Jakob Johnson,0.0,0.0,0.0,0.0,0.0,0.0,0.0,0.0,0.0,0.0,0.0,0.0,0.0,0.0,0.0,0.0
Jalen Richard,0.0,2.2,6.1,1.2,2.8,0.9,0.8,4.0,2.8,0.8,0.0,0.0,0.0,1.4,2.8,3.7
Jalston Fowler,0.0,0.0,0.0,0.3,0.0,0.0,0.0,6.3,0.0,0.0,0.0,0.0,0.0,0.0,0.1,0.0
Jamaal Charles,4.0,5.699999999999999,12.2,5.199999999999999,2.6,4.2,4.9,4.4,3.8,0.7,2.0,7.6,2.7,0.0,1.5,0.8999999999999999
Jamaal Williams,1.8,9.1,11.6,3.9,0.4,2.9000000000000004,0.9,0.7,1.7,0.4,1.2,2.5,0.0,0.8,2.9,2.7
Jamal Lewis,6.5,7.8,8.899999999999999,2.0,6.1,7.6,9.4,11.9,5.1,11.7,4.6,4.7,6.9,4.6,9.3,4.0
Jameel Cook,0.0,0.0,0.0,0.0,0.0,0.0,2.5,0.0,1.4,0.0,0.0,0.0,0.0,0.0,0.0,0.0
Jamel White,2.0,1.7,0.0,0.0,1.1,0.6,4.6,0.7,1.7000000000000002,0.0,0.0,0.0,0.0,1.7,0.0,0.0
James Allen,8.2,6.1,6.7,7.1,6.700000000000001,11.9,5.3,5.6,5.0,9.7,0.3999999999999999,16.3,1.9,6.6,2.7,9.6
James Conner,17.799999999999997,11.0,4.6,16.2,13.9,13.4,19.8,7.399999999999999,9.6,20.2,28.3,24.6,1.7999999999999998,12.4,11.7,5.2
James Cook,26.0,19.3,21.0,4.9,8.7,33.6,13.0,8.2,18.9,20.4,17.2,10.1,30.1,25.9,8.200000000000001,1.5
James Develin,0.0,0.0,0.0,1.3,0.0,1.2,0.5,6.1,0.0,13.9,6.2,2.8,0.0,0.7,0.0,0.3
James Hodgins,1.1,0.0,0.0,0.5,0.0,6.8,0.0,0.0,0.0,0.0,0.0,0.0,0.0,1.1,0.0,0.8
James Jackson,16.8,4.3,3.0,2.2,5.6,5.5,0.0,0.0,0.3,0.3,0.0,0.0,0.0,4.1,0.3,0.2
James Mungro,0.0,0.0,6.8,2.1,0.0,0.3,0.4,0.0,0.0,1.2,0.2,0.0,0.0,0.0,-0.1,3.8
James Starks,4.9,10.0,8.5,24.3,6.1,1.1,5.7,1.7999999999999998,2.4000000000000004,1.3,6.699999999999999,11.9,15.6,9.3,0.1,0.3
James Stewart,0.1,7.5,7.3,21.4,7.5,6.300000000000001,33.0,23.6,11.1,15.1,11.1,21.3,10.5,10.1,11.9,4.2
James White,9.4,11.3,0.8,4.5,4.4,1.8,11.3,14.2,1.6,2.3000000000000003,7.5,5.199999999999999,11.1,9.1,15.5,0.6
Jamize Olawale,0.0,0.0,0.0,0.0,0.0,0.0,0.0,0.0,0.0,0.0,0.0,0.0,0.0,0.0,0.0,0.0
Jamycal Hasty,0.0,0.0,0.2,0.5,1.5,0.0,2.6,13.2,0.0,0.2,2.9,0.2,2.5,0.0,0.0,0.0
Jason McKie,1.3,0.0,0.0,0.0,0.5,0.0,0.0,0.0,0.0,0.6,0.0,0.0,0.5,0.0,0.0,0.9
Jason Snelling ,1.7,4.3,2.7,14.0,19.1,3.9,10.8,1.4,0.0,4.7,2.9,0.8,0.5,0.8,2.8,12.1
Jason Wright,0.6,0.0,0.3,1.3,0.0,0.0,0.0,3.4,0.0,0.0,0.0,0.0,1.2,0.0,0.2,4.6
Javonte Williams,19.4,22.0,9.7,17.5,26.4,5.9,18.3,17.400000000000002,6.800000000000001,9.8,11.1,15.5,13.7,15.1,5.300000000000001,11.4
Javorius Allen,3.9,0.2,0.2,0.0,0.0,0.0,0.0,0.0,0.0,0.0,0.0,0.4,0.0,8.8,0.0,1.8
Jay Ajayi,9.2,6.1,13.7,10.6,3.8,6.1,8.5,9.9,12.3,18.2,9.2,9.6,1.9,1.6,0.9,0.5
Jay Prosch,0.0,0.0,0.0,0.0,0.0,2.3,0.0,0.6,0.0,0.0,0.0,0.0,0.0,0.8,0.0,1.4
Jaylen Samuels,2.1,0.7999999999999999,0.9,0.1,0.0,0.0,0.5,0.0,0.0,0.0,2.7,4.8,2.1,0.0,0.2,3.6
Jaylen Warren,12.9,15.4,10.6,7.300000000000001,17.8,8.3,15.900000000000002,10.1,7.7,12.8,11.4,13.7,6.3,28.1,6.4,12.4
Jed Collins,0.0,7.3,0.2,0.0,0.0,0.3,0.0,0.5,4.0,0.3,0.0,0.0,0.0,0.0,0.3,1.4
Jeff Wilson,1.1,3.0,4.9,4.5,2.6,2.2,1.4,0.0,0.0,1.6,1.2,0.5,-0.4,0.0,0.0,0.0
Jerald Sowell,0.0,4.0,1.9,0.8,1.2,0.0,0.0,0.0,0.0,1.1,0.0,0.0,0.0,0.0,0.0,0.0
Jeremi Johnson,0.0,1.4,0.2,0.4,0.0,0.0,2.6,0.0,0.0,-0.1,0.0,0.7,0.0,1.0,1.4,0.3
Jeremy Hill,13.8,10.6,7.3,11.2,11.5,21.700000000000003,11.6,0.8,2.9,2.4000000000000004,3.4,3.1,1.6,0.7,1.1,3.6
Jeremy McNichols,0.0,13.8,0.8,2.3,5.0,5.5,9.3,0.0,3.4,3.9,4.0,0.7,0.7000000000000002,2.2,2.5,1.6
Jerick McKinnon,28.9,28.2,11.3,20.1,7.6,1.5,3.7,16.3,0.7,3.5,3.5,3.6,1.4,2.5,11.2,14.66
Jerious Norwood,5.199999999999999,3.3,7.9,6.6000000000000005,7.0,2.2,0.0,1.0,0.8,0.0,2.2,1.9,0.3,-0.1,0.0,-2.0
Jerome Bettis,1.7,16.1,20.8,14.0,13.5,0.4,5.6,2.2,8.8,0.0,0.9,11.2,22.1,1.6,8.4,22.1
Jerome Felton,0.0,0.0,0.0,1.2,0.6,0.0,0.0,3.6,0.2,0.2,0.0,0.0,0.0,1.7,2.5,0.0
Jerome Ford,17.4,21.6,2.2,1.0,7.899999999999999,3.0,0.8,4.8,5.5,2.0,0.4,0.1,0.2,-0.3,3.2,2.0
Jerome Harrison,6.4,8.3,0.0,0.6,0.6,18.9,0.0,1.1,2.0,0.0,1.5,14.1,2.7,0.6,1.6,0.0
Jesse Chatman,6.2,0.0,0.2,0.0,0.0,14.7,11.5,17.4,8.1,1.8000000000000005,4.6,7.3,6.0,0.7,0.0,1.6
Jim Finn,0.0,1.6,0.0,0.0,1.1,0.0,1.3,0.0,0.0,0.0,0.0,0.0,1.0,1.4,1.8,2.6
Joe Burns,0.0,0.0,0.0,0.0,0.0,0.0,0.0,0.0,0.0,0.0,0.0,0.0,0.0,8.4,0.0,0.0
Joe McKnight ,1.2,-0.1,0.0,0.5,7.1,2.3,0.0,3.7,0.6,0.8,0.0,2.9,0.7,0.2,0.0,21.7
Joe Mixon,16.7,24.200000000000003,25.3,6.5,26.2,25.4,21.4,16.6,16.0,34.3,7.0,19.9,8.1,7.6,4.9,3.3
Joel Makovicka,0.8,2.7,0.0,1.7,2.4,0.7,0.0,4.1,0.0,7.7,8.1,0.0,10.0,4.9,0.0,1.1
John Conner,0.0,0.0,0.0,0.0,0.0,0.0,0.0,0.0,0.0,0.0,1.3,0.2,0.0,7.4,3.3,0.3
John Kuhn,6.3,20.2,0.0,0.3,2.2,2.4,0.0,2.2,1.2,8.0,0.8,1.2000000000000002,1.5,0.0,0.2,0.0
Joique Bell,5.6,4.5,4.5,15.2,4.0,8.5,17.1,9.2,6.800000000000001,0.6,0.0,0.0,0.0,0.3,0.0,0.0
Jon Ritchie,8.4,0.7,0.8,8.5,0.0,2.1,0.0,6.7,1.9,0.0,2.3,1.2,0.0,2.4,3.2,0.0
Jonathan Grimes,3.8,5.3,7.2,0.1,2.5,19.4,0.0,2.6,3.9,1.1,1.4,6.3,1.7000000000000002,2.5,0.0,6.9
Jonathan Stewart,6.6000000000000005,6.8,5.9,-0.4,4.8,9.4,2.1,11.0,8.6,10.5,28.3,4.1000000000000005,2.3,0.8,0.1,0.8
Jonathan Taylor,11.3,28.5,31.3,12.1,28.1,21.7,32.7,36.400000000000006,6.7,7.6,13.6,11.4,11.6,15.4,15.9,4.9
Jonathan Ward,0.0,0.0,0.0,0.0,0.0,0.0,3.5,0.7,0.0,0.0,0.0,0.0,1.1,0.0,0.9,1.3
Jonathan Wells,8.9,2.0,1.7000000000000002,2.5,1.9,2.1,0.0,0.0,18.6,15.0,-0.2,3.4,2.4,0.3,22.3,13.4
Jonathan Williams,0.0,2.1,4.5,0.0,0.0,0.6,4.8,0.0,0.0,2.2,0.1,0.0,5.1,4.8,5.1000000000000005,-0.2
Jordan Howard,14.8,0.0,6.7,6.4,6.1,0.3999999999999999,7.9,1.9,0.8,17.7,13.1,8.3,6.3,6.9,6.6,2.6
Jordan Mason,7.8,8.0,4.8,23.6,8.7,11.7,1.1,4.199999999999999,3.6,10.5,4.2,5.3,11.2,2.9,1.6,9.4
Jordan Todman,0.0,0.0,0.0,0.0,0.0,0.0,0.0,0.0,0.0,0.0,0.0,0.0,0.0,0.0,0.0,0.0
Jordan Wilkins,4.800000000000001,2.8,4.1,7.2,2.8000000000000003,1.2000000000000002,0.0,0.0,0.0,0.0,0.0,0.0,0.0,4.8,0.4,4.699999999999999
Jorvorskie Lane,0.0,0.0,0.0,0.0,0.0,0.0,0.0,1.0,1.3,0.0,0.0,0.0,0.0,0.0,0.0,0.0
Joseph Addai,11.4,18.8,11.6,4.4,6.2,12.1,15.3,5.3,3.0,2.9000000000000004,2.3,4.6000000000000005,1.6,3.7,7.2,1.9
Josh Jacobs,11.1,13.5,14.4,9.9,29.700000000000003,29.5,18.3,12.0,18.0,17.2,4.0,9.6,16.2,22.2,3.8,0.8
Josh Scobey,0.0,0.0,0.0,0.0,0.0,0.0,0.0,0.0,0.0,0.0,0.0,0.0,0.0,0.0,0.0,0.0
Joshua Kelley,0.8999999999999999,13.5,2.1,2.7,1.6,1.3,2.4,3.5,0.6,1.3000000000000005,-0.2,0.2,0.1,0.0,0.0,0.2
Julius Chestnut,0.0,2.6,0.0,0.3,0.0,0.0,0.5,0.0,0.0,0.3,0.0,0.0,0.0,0.1,0.0,0.0
Julius Jones,4.800000000000001,7.5,12.0,6.9,1.8,1.2,4.3,1.2000000000000002,5.1,7.2,2.2,8.1,2.4,1.1,0.2,1.9
Justice Hill,0.8,6.1,13.2,4.1,15.3,3.0,-0.5999999999999999,4.0,6.0,26.200000000000003,1.7000000000000002,6.9,0.2,2.5,7.8,0.0
Justin Fargas,6.9,7.0,10.2,1.1,1.4,4.3,3.2,10.3,10.5,15.4,10.1,5.9,7.2,8.6,9.2,0.8
Justin Forsett,15.0,25.0,13.6,11.9,7.9,8.4,2.6,6.6,6.1000000000000005,6.2,0.5,5.8,5.0,7.300000000000001,7.1,9.0
Justin Griffith,1.3,0.0,6.9,0.6,0.6,0.0,8.2,5.8,0.9,0.0,1.8,4.0,0.8,3.3,0.0,1.9
Justin Jackson,2.0,0.0,0.0,0.0,7.7,1.4,0.2,0.0,2.7,3.8,2.4,3.8,9.6,3.6,-0.1,1.8
Kalen Ballage,0.0,0.0,0.0,0.0,1.5,-0.3,0.7,0.0,0.3,3.2,0.0,0.0,0.0,0.0,0.0,0.0
Kareem Hunt,3.9,10.9,5.2,18.2,3.9,1.8,16.7,12.0,12.7,18.5,8.5,9.0,2.5,0.2,3.8,5.0
Ke'Shawn Vaughn,0.4,1.5,0.0,0.0,0.0,0.6,0.0,4.4,0.0,2.4,0.9,0.7,0.1,1.2999999999999998,0.4,0.0
Keiland Williams,0.0,0.0,1.1,0.0,0.0,1.0,0.1,0.0,0.0,0.0,0.0,0.0,0.0,0.0,0.0,0.0
Kendall Hunter,8.3,12.3,2.9,7.1,0.6,8.4,0.8,0.1,1.2,0.7,1.6,4.0,5.1,1.3,0.2,0.0
Kene Nwangwu,0.0,0.0,0.0,0.0,0.0,0.0,0.0,0.0,0.0,0.0,0.0,0.0,0.0,0.0,3.1,1.8
Kenjon Barner,1.2,1.62,1.8,1.6,0.0,-1.1,0.0,0.0,0.0,0.0,0.0,0.0,0.0,0.0,0.0,0.0
Kenneth Darby,5.1,0.0,0.2,0.0,12.2,9.0,2.2,0.0,4.3,1.1,1.1,0.0,6.4,1.7,0.9,0.7
Kenneth Gainwell,3.8,5.1,9.1,6.6,2.5,2.5,5.4,1.4,26.0,15.2,5.5,13.2,16.1,21.3,5.3,17.4
Kenneth Walker III,18.3,17.5,11.5,9.1,4.2,6.6,7.1,7.5,18.6,11.6,8.9,3.3,2.4000000000000004,23.9,6.699999999999999,15.3
Kenny Watson,13.4,2.3,8.8,7.4,22.5,14.5,2.6,1.4,0.5,0.0,2.3000000000000003,0.5,0.1,0.0,0.0,0.0
Kenyan Drake,3.4,4.0,1.3,5.1,0.8,3.2,19.2,0.5,14.7,23.9,5.6,1.2000000000000002,14.9,2.1,0.0,0.0
Kevan Barlow,6.3,4.8,13.7,7.3,9.5,5.1000000000000005,9.1,15.5,0.3,6.3,10.9,2.9000000000000004,14.7,0.2,0.5,3.6
Kevin Faulk,9.6,7.699999999999999,6.2,8.4,15.0,1.5,4.1,9.0,4.7,7.7,0.8,0.0,2.3,1.7000000000000002,0.1,0.0
Kevin Jones,19.0,3.2,22.7,2.3000000000000003,2.6,4.5,0.0,1.0,1.6,5.1,0.3,0.0,-0.1,0.0,0.0,0.0
Kevin Smith,5.1,19.1,14.1,23.1,8.0,0.0,0.0,1.2999999999999998,2.2,0.0,0.4,0.6,0.0,0.0,1.8,0.9
Khalil Herbert,0.0,0.0,0.0,1.4,1.6,0.4,0.0,2.3,11.8,0.0,0.0,0.0,0.5,0.0,0.5,5.1000000000000005
Khari Blasingame,2.6,0.6,0.9,0.0,0.0,0.0,0.0,0.2,0.0,0.0,0.0,0.0,0.0,0.0,0.0,0.0
Knile Davis ,0.0,0.6,1.4,0.0,0.0,0.0,0.0,0.0,2.2,0.1,1.7999999999999998,2.2,0.0,0.0,0.6,0.9
Knowshon Moreno,15.6,23.5,31.9,12.4,22.2,15.4,7.9,29.5,17.0,19.9,8.0,11.2,14.9,19.4,0.4,2.3
Kyle Johnson,3.7,0.0,5.3,0.0,0.9,0.0,0.0,7.5,0.7,1.1,0.0,0.0,0.7,0.0,0.0,0.0
Kyle Juszczyk,1.0,6.6,4.7,3.5,1.4,1.3,0.9,1.7,1.8,3.6,0.0,3.7,1.2,0.0,8.4,1.0
Kyren Williams,9.0,18.200000000000003,8.9,27.1,15.7,7.5,17.4,21.4,16.1,5.3,13.2,16.7,21.3,10.0,14.5,9.6
LaBrandon Toefield,5.4,0.4,1.6,0.0,0.0,0.0,1.9,0.9,20.4,16.2,-0.5,0.0,2.5,0.2,7.2,2.4
LaDainian Tomlinson,6.0,11.2,11.9,2.0,23.9,0.6000000000000001,2.0,6.1,6.6,12.3,7.0,2.6,13.4,4.1,9.5,9.9
LaMont Jordan,6.2,2.2,1.6,1.8,15.7,19.8,12.4,0.5,1.9,1.2,1.4,0.9,0.0,0.0,0.0,2.7
LaRod Stephens-Howling,9.3,7.300000000000001,2.6,-1.4,2.2,22.9,5.300000000000001,12.9,20.3,0.1,0.5,1.2,2.8,2.1,-0.1,4.0
Ladell Betts,6.5,3.5,1.7999999999999998,2.2,3.6,15.8,18.5,0.5,0.0,9.0,9.5,9.1,8.8,1.3,9.7,5.2
Lamar Gordon,1.0,0.4,10.8,3.3,5.699999999999999,0.5,2.1,3.4000000000000004,0.9,5.7,0.4,1.0,1.7,1.7,0.0,0.2
Lamar Miller,7.0,3.7,11.4,8.0,13.6,4.9,8.1,16.4,19.3,5.800000000000001,12.3,23.2,12.0,13.7,0.8,12.6
Lamar Smith,21.8,8.4,27.2,29.6,19.8,9.1,9.3,3.4,8.2,17.7,5.5,4.2,1.7,4.7,0.2,0.2
Lance Ball,2.4,1.4,2.6,2.3000000000000003,8.9,0.1,0.0,1.4,1.2,0.0,7.1,0.0,-0.2,0.0,0.0,12.6
Lance Dunbar,4.2,6.1,2.6,0.0,0.0,2.6,0.6,0.0,2.7,3.0,0.0,5.4,3.1,0.0,0.0,8.6
Larry Centers,3.4,2.7,5.8,7.4,1.4,0.2,9.7,7.399999999999999,2.9,4.9,11.6,4.4,-0.2,1.4,1.0,0.9
Larry Johnson,13.4,3.8,8.799999999999999,5.1000000000000005,11.0,6.1000000000000005,0.5,11.5,0.4,1.5,3.5,1.1,3.8,0.9,-0.7,0.2
Latavius Murray,18.3,2.2,8.6,6.6,1.2000000000000002,4.5,3.8,1.6,1.5,13.9,3.5,6.3,3.5,7.1,0.0,0.0
Laurence Maroney,2.8,2.1,20.8,10.3,14.2,11.6,19.7,22.2,5.4,12.1,14.1,2.2,7.4,2.5,2.7,1.8
Lawrence Vickers,0.0,0.0,1.0,0.0,1.6,1.2,0.0,1.0,3.9,0.8,2.1,0.0,2.8,2.0,0.0,1.6
Le'Ron McClain,0.2,0.0,0.6,1.1,0.0,0.7000000000000001,0.4,0.0,0.0,0.0,0.0,0.1,0.1,0.0,0.0,0.3
Le'Veon Bell,5.300000000000001,0.8,10.1,4.2,6.5,4.5,14.1,4.4,1.1,7.8,0.9,10.8,0.1,-0.1,5.0,8.0
LeGarrette Blount,-0.3,4.0,7.5,1.2,14.2,11.0,3.1,1.5,0.4,0.1,22.8,6.1,6.1,0.9,3.4,1.5
LeSean McCoy,6.3,1.4,13.7,10.5,4.800000000000001,1.6,0.7,4.6,3.4,1.1,1.2,0.0,0.0,4.0,4.7,1.0
LenDale White,2.6,10.8,2.5,3.8,2.5,8.7,1.4,5.1,1.5,4.7,0.3,0.6,6.4,1.3,0.7,0.1
Leon Johnson,5.6000000000000005,5.7,0.0,0.0,0.0,0.0,0.0,0.0,0.0,0.0,0.0,0.0,0.8,0.0,0.0,1.8
Leon Washington,4.4,0.0,0.0,0.0,1.2,1.7000000000000002,1.4,5.5,8.5,0.0,0.0,1.3,2.9,0.7,16.8,0.2
Leonard Fournette,14.7,8.4,9.5,14.9,30.9,19.1,3.6,13.3,8.5,11.1,7.6,9.4,20.7,6.699999999999999,0.9,2.0
Leonard Weaver,0.0,2.4,8.9,1.3,0.7,13.5,3.3,0.2,3.1,5.300000000000001,17.0,10.6,8.0,2.0,0.2,0.0
Lex Hilliard,0.0,0.6,0.0,0.2,0.0,0.0,2.7,1.5,1.4,0.4,0.0,0.0,0.0,0.0,0.0,1.4
Lorenzo Neal,1.8,0.2,0.0,0.4,0.0,0.2,0.0,0.2,0.0,0.0,0.7,1.0,0.0,2.7,0.9,1.4
Lousaka Polite,0.0,2.0,0.0,0.2,-0.1,0.5,1.7000000000000002,8.4,1.6,0.0,0.0,0.0,0.0,1.3,0.0,0.0
Luke Lawton,0.8,2.3,0.0,0.0,0.0,0.0,0.0,1.9,0.0,0.0,0.6,2.9,0.6,0.0,0.0,0.6
Mack Strong,3.4000000000000004,1.7000000000000002,5.6,1.6,3.5,3.8,0.8,2.7,0.8,0.0,1.4,4.5,5.5,1.9,1.7,0.0
Madison Hedgecock,0.0,0.0,0.0,0.0,0.0,7.9,0.0,0.0,1.0,0.0,0.0,0.0,0.0,0.0,1.2,0.6
Malcolm Brown,2.1,9.1,3.2,0.0,3.6,1.4,0.0,0.0,3.3,1.0,2.4,0.0,0.0,2.6,8.3,0.0
Marc Edwards,0.9,1.4,0.9,0.0,0.0,0.0,0.0,2.0,0.6,2.0,0.8,7.3,2.3,7.4,1.8,1.4
Marcel Shipp,1.4,0.0,1.3,0.0,1.0,0.0,1.1,0.1,1.3,0.0,7.4,0.6,0.4,0.0,0.0,0.0
Marion Barber,5.0,5.6,9.7,11.8,0.3,7.7,1.5,10.0,9.9,10.4,2.7,8.5,6.3,4.4,21.0,3.3
Mark Ingram,6.2,8.9,18.8,12.3,3.1,2.8,1.7,0.8000000000000002,5.3,7.8,5.8,1.6,6.199999999999999,3.7,0.7,7.4
Marlon Mack,19.7,7.1,1.6,2.8000000000000003,5.9,1.2,0.4,0.0,0.0,0.0,1.7,1.4,14.7,14.3,2.2,0.0
Marshall Faulk,2.1,3.3,15.6,5.5,0.0,5.800000000000001,6.199999999999999,3.1,7.9,0.8,1.9,0.3,7.7,12.3,9.4,4.4
Marshawn Lynch,0.9,19.3,8.2,18.5,19.1,12.9,10.7,8.2,12.9,11.9,13.8,16.1,17.2,5.1,7.4,9.4
Matt Asiata,1.3,3.0,2.4,8.799999999999999,17.6,11.0,8.8,5.1,8.0,9.2,11.6,3.2,12.1,2.5,7.9,6.0
Matt Breida,1.1,9.3,10.3,2.9,1.3,1.4,2.2,1.6,0.3,-0.1,2.1,1.6,3.1,0.8,0.0,0.0
Matt Forte ,6.5,9.4,0.8,3.3,5.1,10.6,2.5,12.1,10.7,8.2,23.6,2.6,16.6,4.4,4.4,3.1
Maurice Hicks,1.7,1.6,3.0,0.3,2.5,0.0,0.0,0.0,0.0,0.0,0.0,0.0,0.0,0.0,0.0,0.0
Maurice Jones-Drew,13.42,13.3,8.9,11.5,3.3,1.3,4.5,0.6,1.9,1.4,2.2,0.6,-0.1,5.9,0.0,0.6
Maurice Morris ,3.9,0.0,1.5,0.0,1.3,3.3,7.3,13.0,5.5,4.2,16.5,16.0,2.1,0.0,3.7,1.3
Melvin Gordon,8.7,16.1,6.199999999999999,5.8,14.0,-1.2,11.8,0.8,6.0,12.7,9.0,9.5,6.5,4.9,7.0,-0.1999999999999999
Mewelde Moore,11.5,0.0,0.7,4.0,1.3,1.5,3.6,1.6,1.1,6.9,0.5,1.1,1.8,0.6,3.7,1.4
Michael Bates,0.0,0.0,0.0,0.0,0.0,0.0,0.0,0.0,0.0,0.0,0.0,0.0,0.0,0.0,0.0,0.0
Michael Bennett,1.1,0.0,0.1,3.2,1.8,0.0,0.0,0.0,11.0,2.5,0.0,0.0,0.0,0.0,0.0,0.5
Michael Burton,0.6,0.0,0.8,1.0,0.0,0.0,3.3,-0.1,0.0,0.4999999999999999,1.6,6.1,0.0,9.4,0.0,0.3
Michael Bush,0.6,1.5,0.0,6.9,0.0,1.2,1.9,4.5,0.0,0.5,7.0,1.5,12.0,10.4,2.0,1.1
Michael Carter,13.2,2.4000000000000004,7.3,13.9,15.8,7.4,4.6,0.4,5.300000000000001,7.3,8.9,4.1,11.4,6.5,5.3,5.4
Michael Pittman,10.6,9.0,2.5,7.1000000000000005,1.6,8.3,10.2,1.7,13.2,9.0,7.5,9.1,7.1000000000000005,14.0,8.8,3.5
Michael Robinson,0.0,6.9,3.1,1.7,5.4,0.1,10.8,0.0,0.0,0.0,1.1,2.6,0.0,0.0,0.0,0.0
Michael Turner,3.2,10.7,15.1,24.6,13.6,4.4,6.9,16.2,1.5,10.6,10.5,15.5,7.4,12.6,7.699999999999999,7.8
Michael Wiley,10.6,-0.2,2.0,4.0,4.1,1.9,0.6,0.0,1.6,2.4,0.2,4.4,4.6,6.9,0.6,0.0
Mike Alstott,4.3,2.5,1.9,6.3,2.5,1.0,0.0,0.0,2.9000000000000004,4.1,7.300000000000001,2.4,3.4,9.5,5.6,0.4
Mike Anderson ,0.3,0.0,2.9,2.4,1.5,2.2,1.4,5.7,0.2,0.7,0.0,0.0,1.4,1.7,0.9,5.9
Mike Bell,0.0,0.0,1.4,1.6,0.8,0.3,-0.3,0.7,0.0,0.1,1.4,0.0,0.8,0.0,8.5,4.8
Mike Boone,3.9,3.3,0.0,0.4,0.0,1.1,2.1,0.3,1.6,1.0,0.7,0.0,1.4,0.1,1.1,2.1
Mike Cloud ,0.0,0.4,1.1,17.5,1.6,0.0,0.0,0.0,0.0,-0.5,0.8,0.0,0.5,2.7,2.4,0.0
Mike Cox,1.8,0.0,0.0,0.0,0.0,0.0,0.0,0.0,0.0,0.0,0.0,1.3,0.0,1.6,0.0,0.8
Mike Davis,3.6,5.6,14.9,11.1,2.1,4.0,12.2,0.3,1.1,0.4,0.0,0.0,0.3,0.0,1.2,0.2
Mike Goodson,0.0,0.0,1.3,15.2,0.1,3.2,10.1,1.1,2.2,8.2,0.0,10.8,2.5,0.9,4.6000000000000005,4.4
Mike Karney,0.0,0.6,0.0,0.0,0.8999999999999999,0.6,1.0,0.0,0.0,0.9,0.2,0.0,0.0,0.0,0.2,1.3
Mike Tolbert,0.0,11.6,0.3,2.4,11.9,1.2,4.1,3.1,4.9,3.5,1.7,3.1,2.5,3.2,1.3,5.0
Miles Sanders,1.8,2.2,4.0,10.0,6.1,4.300000000000001,1.7999999999999998,3.3,8.0,0.0,0.5,25.1,3.5,8.9,6.8,3.5
Moe Williams,0.4,3.8,13.4,10.6,0.6,6.8,3.8,10.5,2.3,1.7000000000000002,5.7,0.2,2.1,0.1,0.0,3.1
Montell Owens,0.0,0.0,0.0,0.0,0.0,4.5,16.7,5.8,13.9,0.0,0.0,0.0,0.0,0.0,0.0,0.0
Moran Norris,0.0,0.0,-0.1,0.0,0.0,1.0,0.0,0.0,0.0,0.0,0.0,0.0,0.0,0.0,0.0,0.0
Musa Smith,10.4,2.3,6.2,3.9,2.1,3.3,0.6,1.1,0.6,2.0,4.5,4.2,1.3,7.300000000000001,4.7,16.6
Myles Gaskin,18.2,5.9,5.4,2.1,2.3,2.5,0.0,4.8,0.0,0.0,0.0,0.0,-0.3,0.0,0.0,0.6
Najee Harris,8.7,19.200000000000003,16.2,14.6,11.3,11.3,6.4,21.9,11.3,2.6,4.2,9.1,13.6,1.5,5.8,2.8
Najeh Davenport ,0.6,2.3,3.4,2.2,8.100000000000001,1.1,13.0,1.2,29.700000000000003,8.7,0.3,0.0,0.0,0.2,0.0,10.0
Naufahu Tahi,6.8,0.0,0.1,0.0,0.0,0.0,7.9,0.0,0.0,1.5,1.2,0.0,0.0,0.0,1.6,0.7
Nick Chubb,2.1,6.0,14.2,5.5,7.2,12.1,1.6,7.899999999999999,3.4,5.7,1.7,2.0,9.4,0.3,4.7,0.1
Nick Goings,0.8,-0.2,0.8999999999999999,0.0,1.0,0.0,0.0,0.0,0.0,0.0,0.0,0.0999999999999999,0.0,0.0,0.0,0.0
Nick Luchey,0.4,0.0,0.5,0.0,1.6,0.3,0.3,0.0,0.0,0.0,1.4,0.0,0.7,0.0,0.0,0.0
Nyheim Hines,5.5,1.3,1.3,6.8,11.9,0.0,1.4,-0.8,0.3,2.3000000000000003,1.2000000000000002,7.5,1.6,0.0,0.0,0.0
Obafemi Ayanbadejo,5.1,0.0,2.7,0.0,0.0,1.9,2.6,1.5,0.0,0.0,0.2,5.0,2.0,3.1,1.6,5.5
Omar Easy,0.0,0.0,0.0,0.0,0.0,0.0,0.0,0.0,0.0,0.0,0.0,0.0,0.0,0.0,0.0,0.0
Orleans Darkwa,0.0,1.7999999999999998,2.5,3.8,13.7,13.5,6.3,8.9,9.8,16.0,4.4,9.6,5.4,8.1,1.0,21.4
Ovie Mughelli,0.0,1.2,0.0,2.1,10.7,2.4000000000000004,0.0,3.0,0.8,0.0,6.7,0.0,0.0,0.0,9.0,0.9
Owen Schmitt,0.0,0.0,0.0,0.0,0.0,0.0,0.0,0.0,0.2,0.0,0.0,0.0,0.0,-0.1,0.0,0.0
Patrick Cobbs,0.0,0.0,-0.6,0.0,0.0,0.0,0.0,0.0,11.1,0.6,10.2,1.6,0.0,1.8,0.4,0.0
Patrick DiMarco,1.9,0.8999999999999999,0.0,0.0,0.0,3.6,0.0,0.0,0.8999999999999999,0.0,0.0,0.0,0.0,0.0,0.0,0.0
Patrick Pass,0.0,0.0,2.4,10.1,10.5,24.3,4.5,9.9,8.9,0.9,2.1,2.6,0.0,3.1,2.4000000000000004,0.0
Patrick Ricard,0.0,0.0,0.0,0.0,1.9,0.0,0.0,0.3,0.0,0.0,0.0,0.0,0.0,0.0,0.0,1.3
Patrick Taylor,0.8,3.0,0.0,0.0,0.0,0.0,0.0,0.0,3.3,0.0,0.9,8.5,0.0,3.0,0.0,12.6
Paul Smith,0.0,0.0,0.0,0.0,0.0,0.0,0.0,0.0,0.0,0.0,0.0,0.0,0.0,0.0,0.0,0.0
Peyton Barber,5.7,8.3,4.8,6.5,1.0,1.0,3.2,21.700000000000003,0.0,0.3,0.7,3.0,5.1,8.7,2.2,0.0
Peyton Hillis,16.6,10.0,2.6,5.6,7.1,4.2,6.699999999999999,0.0,0.0,0.0,3.1,0.7,6.699999999999999,3.8,9.5,1.4
Phillip Lindsay,8.5,8.9,0.5,-0.1,1.9,6.4,0.8,0.8,2.8,-0.3,4.2,3.6,1.4,4.0,2.7,0.2
Phillip Tanner,-0.1,0.0,0.0,0.2,7.3,3.0,0.0,0.0,0.0,0.0,0.0,0.0,0.0,0.0,0.0,0.0
Pierre Strong,0.8999999999999999,6.5,4.0,1.0,0.2,8.8,2.0,0.8,0.8,0.5,0.0,0.0,1.9,0.0,1.9,6.3
Pierre Thomas,11.9,4.7,12.6,3.3,27.2,5.0,8.600000000000001,4.7,7.199999999999999,11.9,3.4,1.2,1.7,0.0,12.4,4.0
Priest Holmes,24.5,20.2,43.5,42.0,14.2,15.5,16.5,10.8,19.3,26.3,22.1,6.8,0.7999999999999999,2.1,8.9,6.1
Quinn Johnson,2.0,0.0,0.0,0.6,0.0,0.3,0.0,0.0,0.0,0.8999999999999999,0.0,0.0,0.0,0.0,0.0,0.0
Rabih Abdullah,0.1,0.0,0.0,1.3,0.3,0.0,3.7,0.4,0.0,6.4,1.4,0.0,0.0,-0.5,0.5,0.5
Rachaad White,13.6,1.9,6.6,21.1,16.1,6.4,7.1,7.9,7.199999999999999,4.7,4.4,6.0,3.1,7.0,2.7,5.1
Raheem Blackshear,0.0,0.0,0.0,0.0,0.0,0.0,0.0,0.0,0.0,0.0,0.0,0.0,0.0,1.3,2.0,4.7
Raheem Mostert,3.6,5.6,2.9000000000000004,0.0,7.800000000000001,2.2,-0.4,0.7,1.9,2.0,2.3,3.5,0.6,0.7,0.7,1.4
Randy Jordan,0.9,0.7,9.4,0.0,0.9,0.0,0.0,0.0,0.0,0.0,0.0,0.0,0.0,0.0,0.0,0.0
Rashaad Penny,0.7,1.9,6.7,26.3,5.4,19.5,31.5,25.0,7.7,1.5,7.399999999999999,28.200000000000003,5.4,1.9,0.8,1.6
Rashad Jennings,17.2,14.6,24.6,8.3,5.0,5.5,11.9,5.4,12.4,21.4,6.9,14.3,6.7,3.8,7.1000000000000005,12.2
Rashard Mendenhall,3.0,6.9,16.4,4.6,4.9,12.0,4.7,8.2,5.6000000000000005,10.2,14.3,7.6,10.1,20.3,6.3,7.0
Ray Rice,0.5,17.1,6.0,1.7,25.2,6.4,9.2,5.300000000000001,8.6,22.3,3.2,10.0,13.4,6.9,7.3,8.5
Reggie Bush,-0.1,4.9,0.0,-0.4,0.0,0.3,0.6,7.899999999999999,3.6,3.2,3.1,0.0,0.3,0.4,-0.8,0.0
Reno Mahe,2.8,0.0,0.0,1.6,0.0,0.0,0.0,0.0,0.0,0.0,0.0,0.0,0.0,0.0,0.0,0.0
Reuben Droughns,3.4,1.3,-0.5,-0.1,0.0,0.0,0.0,0.0,0.0,0.0,0.0,0.0,0.0,0.0,0.0,0.0
Rex Burkhead,8.1,9.5,1.9,5.0,12.4,3.8,4.4,0.7,2.0,4.0,1.0,0.7,2.7,1.7,2.5,0.6
Rhamondre Stevenson,11.8,0.1,3.7,16.700000000000003,3.1,4.6,13.7,1.8,15.8,5.4,1.5,9.5,9.2,14.8,24.7,34.3
Rhett Ellison,1.7,9.7,6.2,0.0,0.0,2.8,1.3,1.3,0.8,3.9,0.8,4.5,10.3,0.4,2.7,5.7
Richie Anderson ,10.7,14.8,7.1000000000000005,21.9,6.1,12.14,7.5,14.7,5.7,3.6,7.0,4.4,0.0,4.4,1.4,2.4
Ricky Williams,7.2,0.2,5.800000000000001,4.9,6.8,0.5,4.7,4.0,4.699999999999999,1.3,3.3,13.6,1.3,2.5,7.6,2.8
Rico Dowdle,2.4,10.3,3.5,30.9,31.9,10.1,5.4,27.1,13.8,12.5,9.4,8.9,11.9,6.300000000000001,7.800000000000001,2.0
Rob Konrad,5.8,0.0,3.0,1.9,0.0,0.0,0.0,0.6,0.8,0.7,2.0,8.5,0.0,1.6,3.6,0.9
Robert Holcombe,3.1,0.2,0.9,1.5,1.2,1.0,0.0,1.8,2.5,0.0,2.9,1.1,0.4,1.1,0.0,0.0
Robert Turbin,6.4,2.8,7.6,6.3,18.4,9.9,10.3,0.7999999999999999,2.4000000000000004,2.5,6.8,2.9000000000000004,6.0,0.0,-0.2,0.0
Rock Cartwright,0.6,0.0,0.0,0.0,0.5,3.5,0.0,0.0,0.0,0.0,0.4,0.0,3.1,0.0,1.3,0.1
Rod Smart,0.0,1.0,0.4,0.0,0.0,0.0,0.0,0.0,0.0,0.0,0.0,0.0,0.0,0.0,0.0,0.6
Rod Smith,0.0,1.3,2.7,1.8,0.7,0.2,5.300000000000001,1.4,-0.7,11.9,0.0,0.0,0.0,0.0,0.0,0.0
Ron Dayne,16.6,28.1,0.0,3.3,5.9,8.4,11.0,1.5,5.0,18.2,13.0,9.5,18.6,4.2,13.6,20.8
Ronald Jones II,3.4,4.3,2.4,0.0,9.3,9.7,0.7,0.8,8.1,15.1,3.2,0.0,0.6,0.4,0.3,10.5
Ronney Jenkins,0.0,0.0,0.0,0.0,0.0,0.0,0.0,0.0,0.0,0.0,0.0,0.0,0.0,0.0,0.0,0.0
Ronnie Brown,2.7,0.3,1.8,1.2,0.0,0.0,0.2,1.2,0.0,3.1,1.1,1.5,0.5,0.9,4.7,0.0
Ronnie Hillman,12.1,10.9,12.4,5.6,9.6,4.8,9.2,19.7,0.1,3.4,6.7,0.2,0.9,3.4,0.6,10.6
Ronnie Rivers,0.0,0.0,0.0,0.0,10.2,0.0,0.0,0.0,0.0,0.0,0.0,4.1,0.0,0.0,0.5,0.0
Roosevelt Nix,0.0,0.0,0.0,0.0,0.0,2.7,0.0,0.0,0.0,0.0,0.0,0.4,0.7,0.0,1.4,0.0
Roy Helu,5.3,7.199999999999999,14.7,1.9,14.6,0.0,10.3,0.0,1.7,10.5,3.3,0.3,0.0,0.3,2.0,3.8
Royce Freeman,4.3,5.4,0.2,0.0,0.0,6.6,10.4,3.2,7.3,13.7,0.0,0.9,1.6,0.0,0.0,2.0
Rudi Johnson,15.8,2.8,1.4,0.2,20.6,4.7,4.7,0.8,9.6,4.2,0.4,1.5,1.6,0.6,0.2,0.0
Ryan Grant,6.2,2.9,1.6,2.8,1.6,5.5,5.1,22.3,11.6,8.8,19.3,0.5,1.3,3.2,23.9,0.2
Ryan Hewitt,1.1,0.0,0.0,0.0,0.0,0.0,0.0,0.0,0.0,0.0,0.0,0.0,0.0,0.0,0.0,6.6
Ryan Mathews,6.6,8.8,2.3,13.7,16.0,-0.5,16.0,6.0,8.8,7.6,8.0,26.9,3.1,6.0,19.8,6.699999999999999
Sam Gash,0.0,0.8,0.3,0.7,4.7,0.0,2.1,0.9,0.0,0.0,0.0,0.0,1.6,1.4,0.0,1.6
Samaje Perine,1.9,1.6,0.0,0.1,0.4,3.9,4.2,3.1,16.5,0.5,4.4,4.3,4.8,11.1,7.8,6.7
Samkon Gado,0.8,0.0,0.0,0.0,-0.1,2.8,0.3,0.5,0.0,0.3,0.0,0.9,0.0,1.8,0.1,0.0
Sammy Morris ,0.3,0.3,0.2,0.0,2.7,1.2999999999999998,0.5,2.0,0.9,0.2,0.0,0.8,3.1,5.3,5.9,2.4
Saquon Barkley,16.4,16.400000000000002,7.5,15.4,16.3,7.7,4.7,31.4,11.6,9.5,8.9,5.6,18.2,16.2,19.2,6.8
Sean McHugh,1.7,0.0,0.0,0.0,0.0,0.0,0.0,0.0,0.7,2.0,0.0,0.0,0.0,1.2,0.0,0.0
Senorise Perry,0.0,0.0,0.0,0.0,0.0,0.0,0.0,0.0,0.9,0.0,0.9,0.0,0.0,0.0,0.0,0.0
Shane Vereen,9.6,7.0,3.3,3.0,6.5,0.4,2.1,2.9,5.800000000000001,2.3,3.2,2.5,6.199999999999999,5.5,0.0,1.4
Shaun Alexander ,14.5,11.8,8.8,4.7,3.5,7.0,3.8,12.5,3.8,2.8000000000000003,15.2,9.1,0.8,2.5,0.4,0.1
Shaun Draughn,10.6,2.1,1.7,1.3,-0.1,0.2,13.8,0.0,0.0,11.8,7.9,2.0,9.2,1.5,9.5,24.9
Shawn Bryson,7.1,7.5,7.1000000000000005,3.8,6.9,7.5,2.2,2.0,1.4,7.9,0.9,1.0,11.6,4.0,2.4,0.0
Shonn Greene,0.4,15.6,1.0,7.1,4.0,9.3,1.0,3.6,0.1,0.8,0.6,7.5,0.0,6.8,2.8,9.4
Sony Michel,20.4,7.9,12.5,20.0,17.4,5.4,1.2,2.4,3.6,4.2,0.0,5.699999999999999,1.8,1.2,0.2,0.1
Spencer Larsen,0.0,0.0,1.2,0.0,0.0,0.0,0.0,0.0,0.0,0.0,0.0,0.0,0.0,0.0,0.0,0.0
Spencer Ware,4.5,0.3,4.0,0.6,1.8,2.4,10.4,0.0,10.1,7.8,0.0,11.7,15.4,0.7000000000000001,4.5,4.6
Stacey Mack,11.6,11.4,7.5,1.4,1.5,9.1,5.8,6.7,10.0,3.6,11.2,7.9,2.4,13.3,0.3,8.6
Stanley Pritchett,6.3,0.5,0.0,0.0,0.0,0.0,0.0,0.0,0.0,0.0,0.0,0.0,7.5,0.0,1.8,0.0
Stefan Logan,0.5,0.0,0.8,0.0,0.0,0.0,0.0,0.0,0.0,0.0,0.0,0.0,1.2000000000000002,2.8,2.2,0.0
Stepfan Taylor,0.0,0.0,0.0,0.0,-0.2,1.4,0.0,0.0,0.0,0.0,0.0,0.0,0.0,0.0,0.0,0.0
Stephen Davis ,2.3,0.0,2.3000000000000003,0.9,2.6,1.9,1.8,4.3,0.7,0.4,4.1,1.1,8.600000000000001,0.7999999999999999,8.8,0.4
Stephen Trejo,0.0,0.7,0.0,0.0,0.0,1.6,0.0,2.9,1.2,0.0,0.0,0.0,0.0,0.0,0.0,0.0
Stevan Ridley,0.6,3.6,3.9,0.7,2.8,14.0,0.0,1.2,1.8,0.8,0.2,2.3,2.6,6.4,1.6,0.4
Steve Slaton,2.2,5.5,-0.1,0.0,0.0,0.0,0.0,0.0,0.0,0.0,2.3,0.0,0.8,0.4999999999999999,6.7,5.9
Steven Jackson,5.8,11.4,7.2,15.9,2.5,3.0,12.0,16.5,5.699999999999999,12.1,10.1,14.6,6.199999999999999,2.8,1.5,12.0
T.J. Duckett,0.0,6.3,19.9,1.4,0.9,-0.1,6.1,0.4,-0.1,12.5,0.4,2.0,1.6,6.4,0.2,7.3
T.J. Yeldon,12.5,8.8,4.2,4.3,10.0,2.2,1.6,0.0,0.0,3.9,8.8,4.8,5.699999999999999,1.8,0.0,13.9
Taiwan Jones,0.0,0.0,0.0,0.0,0.0,0.0,0.0,0.0,0.0,0.0,0.0,0.0,0.0,0.0,-2.0,0.0
Tank Bigsby,0.0,0.0,0.0,0.0,0.0,1.5,10.4,0.7,3.4,0.8,0.0,0.4,5.7,9.7,1.4,17.1
Tarik Cohen,8.8,7.9,7.4,6.1,2.6,11.7,15.9,8.9,5.5,6.1,12.0,4.8,10.9,5.699999999999999,3.2,5.6
Tashard Choice,9.0,0.0,0.6,-0.1,1.1,2.2,4.3,1.6,3.5,1.7,0.0,0.6,0.1,1.8,0.8,2.8
Tatum Bell,15.1,5.1,5.0,9.0,17.3,5.9,7.0,5.8,1.5,3.4,1.9,0.0,7.800000000000001,6.0,2.8,25.700000000000003
Terrance West ,26.3,1.0,3.2,8.2,11.8,7.9,20.3,4.6,14.2,7.0,5.5,14.0,11.5,2.6,-0.7,1.7
Terrelle Smith,2.3,0.0,0.0,0.0,0.0,0.0,0.0,0.0,0.0,0.0,0.0,0.0,0.0,0.9,0.0,0.8
Terry Jackson,0.0,1.3,0.0,0.0,0.0,0.0,1.1,0.0,0.0,3.3,1.3,1.5,0.0,0.0,2.5,1.8
Tevin Coleman,2.4,2.4,4.1,1.1,4.3,2.3000000000000003,8.0,9.2,5.0,6.6000000000000005,0.6,0.0,20.200000000000003,0.3,0.0,0.0
Theo Riddick,5.1,4.7,3.3,7.1,9.0,5.5,9.5,7.300000000000001,7.8,6.6000000000000005,2.5,2.4,1.3,1.4,-0.5,6.0
Thomas Jones,0.3,4.0,3.8,3.7,7.2,1.9,1.0,0.5,0.4,4.8,4.9,3.6,1.2,8.0,5.1,4.2
Thomas Tapeh,1.4,0.0,0.0,0.0,0.8,0.0,0.0,1.3,0.0,0.0,0.9,1.4,0.0,0.9,1.2,0.0
Tiki Barber,19.6,14.3,9.8,15.4,24.2,16.6,10.3,23.0,17.2,4.5,13.7,16.8,12.3,18.9,9.8,45.3
Tim Hightower,1.5,0.9,1.9,1.1,0.0,4.9,10.7,16.7,6.5,16.6,17.5,1.4,4.4,18.3,4.5,8.9
Toby Gerhart ,1.8,8.3,0.2,6.5,0.7,4.5,7.300000000000001,12.5,0.8,1.0,-0.2,0.2,6.4,0.8,0.0,0.0
Todd Gurley,9.9,12.7,6.1,14.7,18.8,23.0,8.2,21.2,10.6,12.5,3.4,2.5,4.1,2.4,6.5,4.0
Tommy Bohanon,0.0,0.0,1.0,0.0,0.0,0.0,1.0,0.0,1.0,0.0,2.9,0.0,0.0,0.0,1.2,0.0
Tony Fiammetta,0.0,0.0,0.0,0.0,3.5,0.0,0.0,0.9,0.0,3.3,0.0,0.0,0.0,0.0,0.0,0.0
Tony Fisher,12.8,5.9,5.699999999999999,11.8,0.0999999999999999,7.4,12.3,9.0,7.1000000000000005,0.0,2.0,2.2,6.1,1.0,5.4,0.0
Tony Pollard,9.2,12.9,9.1,13.3,5.7,9.1,5.800000000000001,7.3,4.1000000000000005,6.1,4.8,28.1,17.7,10.2,10.5,8.0
Tony Richardson ,1.9,0.0,0.0,0.0,0.0,0.0,0.0,0.0,2.5,0.2,0.0,0.0,0.0,0.0,1.7,0.6
Travaris Cadet,0.0,7.8,4.9,13.1,8.6,9.3,0.0,0.0,4.4,8.6,6.4,5.6,0.2,4.3,0.0,2.7
Travis Etienne,15.9,11.6,19.0,7.300000000000001,7.5,6.0,14.0,14.7,19.3,19.1,4.6,20.7,30.0,14.6,10.2,4.3
Travis Henry ,22.5,4.4,13.5,11.0,19.8,14.6,9.5,13.1,6.5,5.1,5.4,16.9,8.4,2.7,1.1,0.0
Travis Homer,0.0,0.0,0.0,0.0,2.6,0.7,0.0,0.0,0.0,0.0,-0.2,0.0,0.0,0.0,0.0,0.0
Travis Jervey ,1.3,0.0,0.0,0.0,0.0,0.0,0.0,0.0,0.0,0.0,0.0,0.0,0.0,0.0,0.0,0.0
Travis Minor,0.0,0.0,0.0,0.0,0.0,2.9,0.0,0.6000000000000001,4.2,0.8,0.0,0.0,0.0,0.0,0.0,0.4
Trayveon Williams,0.0,0.0,0.0,0.0,0.0,0.0,0.0,0.0,0.0,0.0,0.4,0.0,1.7000000000000002,7.5,1.0,2.5
Trent Richardson ,11.2,6.6,10.0,9.5,17.9,6.7,10.1,13.8,5.2,2.6,10.2,1.2,3.0,5.1000000000000005,1.9,2.5
Trenton Cannon,0.0,0.0,0.5,-0.1,0.0,-2.0,0.0,0.0,0.0,0.0,0.0,0.0,0.0,0.0,0.0,0.0
Trey Sermon,15.3,2.9,5.4,1.9,1.8,0.9,0.8,0.0,0.0,2.2,2.5,1.5,1.0,0.0,0.0,0.0
Troy Hambrick,3.1,1.2,9.1,18.9,3.6,3.3000000000000003,0.2,0.0,0.3,13.9,11.0,1.6,5.3,8.5,2.2,0.9
Trung Canidate,0.0,0.0,0.0,0.2,0.0,4.6,8.9,4.6,10.0,5.0,2.7,10.9,3.6,15.1,11.4,7.300000000000001
Tyjae Spears,24.2,20.1,11.8,1.4,7.0,5.5,15.7,7.699999999999999,5.9,4.5,5.4,5.699999999999999,4.6000000000000005,19.0,0.6,6.2
Tyler Allgeier,14.5,0.9,11.1,10.3,1.6,8.4,0.6,17.7,8.6,5.4,12.5,7.7,1.8,7.800000000000001,2.3,2.4
Tyler Clutts,0.0,0.0,0.0,0.9,0.0,0.0,0.0,0.0,0.0,0.0,0.0,0.0,0.0,0.0,0.0,0.0
Tyler Ervin,0.0,0.0,0.0,0.0,0.0,0.0,1.1,2.0,4.9,0.9,2.3,1.3,1.2,9.2,0.8,0.0
Tyrone Wheatley,12.9,18.0,13.7,9.7,12.5,6.1000000000000005,5.6,3.5,4.9,2.6,17.0,3.9,12.5,19.9,5.6000000000000005,5.6000000000000005
Vernand Morency,17.4,0.4,3.7,5.0,12.6,5.9,3.0,0.6,2.6,0.0,0.0,0.0,5.199999999999999,2.7,3.6,4.5
Verron Haynes,2.5,0.3,5.7,8.2,3.5,4.3,1.8,2.5,1.7,0.0,1.5,2.0,0.0,0.0,0.0,0.0
Vonta Leach,8.7,1.7,2.9000000000000004,0.7,0.0,0.0,1.8,0.2,0.2,0.1,1.1,0.0,0.5,0.0,0.6,0.0
Warrick Dunn,15.0,7.0,14.5,7.8,9.6,10.2,14.8,7.800000000000001,1.8,13.8,21.2,7.4,7.7,12.5,5.9,5.1000000000000005
Wayne Gallman,14.2,18.5,16.599999999999998,13.5,8.8,2.9,6.300000000000001,6.5,2.9,0.2,0.2,8.1,-0.3,1.9,0.0,0.0
Wendell Smallwood,1.9,2.7,0.4,4.6,2.5,1.3,1.6,0.8,0.4,0.0,0.0,0.5,0.0,3.5,0.0,3.2
Will Johnson,6.7,0.0,0.0,0.0,0.0,0.0,0.0,0.0,0.0,0.0,2.6,0.0,0.0,0.0,0.0,0.0
William Green,2.5,3.2,16.0,5.4,0.5,1.7,0.0,0.0,1.2,1.9,0.7,1.2999999999999998,1.5,1.0,5.7,0.0
William Henderson ,0.0,1.5,0.0,1.8,0.0,0.0,0.0,1.6,5.6,1.1,0.6,0.0,0.7,0.0,0.0,0.8
Willie Parker,3.1,17.6,2.9,5.5,19.9,4.0,0.2,0.0,0.7,4.0,1.4,1.5,1.2,2.2,1.7,9.1
Willis McGahee,22.5,7.5,10.9,7.8,0.9,4.6,13.2,4.4,3.9,3.8,3.1,2.7,1.2,14.1,3.8,0.0
Zach Charbonnet,10.7,1.0,11.4,11.3,4.2,18.5,5.1,14.3,5.7,9.5,11.2,7.6,3.1,13.4,25.2,17.2
Zach Line,7.0,0.6,0.0,1.9,0.0,0.0,0.0,0.8,0.0,0.0,2.0,2.4000000000000004,1.5,1.5,0.4,0.0
Zach Zenner,0.6,0.4,0.0,1.2,0.0,1.7999999999999998,0.7,11.4,12.0,7.7,18.8,1.2,1.8,-0.3,0.0,0.0
Zack Crockett,0.0,0.0,1.0,7.9,1.5,1.5,4.9,1.9,2.2,3.4,0.6,0.1,1.0,0.6,0.0,0.0
Zack Moss,6.7,13.9,2.6,8.0,6.699999999999999,7.6,10.8,3.0,13.1,5.2,18.2,15.8,6.699999999999999,5.551115123125783e-17,5.5,5.9
Zamir White,13.1,12.6,3.6000000000000005,5.3,3.4,3.0,3.2,-0.1,7.0,0.9,0.8,2.3,2.8,0.0,0.2,1.5
